,path,filename,subfolder,ichan,mean,max,min,std,1%,50%,99%,del3,del4,del5,del8,del10,del12
0,mgrav_res/mgrav.hdf5,mgrav.hdf5,.,1,300.00499999999994,400.0,200.01,57.73647027659381,202.0099,300.005,398.0001,18.819779541591682,33.9791858526976,48.43641942128075,82.4348068395929,98.42153991917593,110.76685965458809
1,mgrav_res/mgrav.hdf5,mgrav.hdf5,.,2,195.8692692235409,359.99920654296875,0.001059270929545164,103.29230070374155,3.0497876620292663,207.1855926513672,356.9450805664062,58.46710247822677,91.795979274548,120.48028908575053,181.4812962582856,208.1093992733704,228.00908828382865
2,mgrav_res/mgrav.hdf5,mgrav.hdf5,.,3,0.7637136407583952,0.7842640280723572,0.7563289403915405,0.0073910976504658514,0.7564430707693099,0.760772168636322,0.7837607371807098,0.002628792397759905,0.004746294995339128,0.006765716403211599,0.011514693519752048,0.013747759124572101,0.015472183292062765
3,mgrav_res/mgrav.hdf5,mgrav.hdf5,.,4,0.0,0.0,0.0,0.0,0.0,0.0,0.0,,,,,,
4,mgrav_res/mgrav.hdf5,mgrav.hdf5,.,5,4.632039342484266e-18,2.364294957729607e-12,-2.363052678880373e-12,7.218047080005215e-13,-1.654925982494046e-12,1.516850190679648e-15,1.6611175325878524e-12,4.162747376828066e-12,3.691306061310268e-12,3.4999670114588894e-12,3.39310303071826e-12,3.43144606014597e-12,3.488876901608495e-12
5,mgrav_res/mgrav.hdf5,mgrav.hdf5,.,6,0.0,0.0,0.0,0.0,0.0,0.0,0.0,,,,,,
6,mgrav_res/mgrav.hdf5,mgrav.hdf5,.,7,5.572297856860978e-17,2.942012952700246e-12,-2.862499300093635e-12,7.707638568182778e-13,-1.7493317992084423e-12,-1.2056288122497162e-17,1.828833525591156e-12,4.46361766772279e-12,3.973868449106005e-12,3.784292855101405e-12,3.720971015714015e-12,3.7996021568209585e-12,3.900033948913704e-12
7,mgrav_res/mgrav.hdf5,mgrav.hdf5,.,8,0.0,0.0,0.0,0.0,0.0,0.0,0.0,,,,,,
8,mgrav_res/mgrav.hdf5,mgrav.hdf5,.,9,-3.1792861258891834e-17,2.782985213806155e-12,-2.5444438223054533e-12,7.72396444867357e-13,-1.7493208487665002e-12,1.460544370342633e-17,1.749334292873439e-12,4.451230981807878e-12,3.9501562006678535e-12,3.748437326321223e-12,3.644457439020475e-12,3.695195584633526e-12,3.768864274374131e-12
9,mgrav_res/mgrav.hdf5,mgrav.hdf5,.,10,0.07997592826709152,0.08215746283531189,0.07921691238880157,0.0007739514785267817,0.07921889401972294,0.07967043668031693,0.0820581217110157,0.0002767163914908403,0.0004996125312825987,0.0007121842829971895,0.0012120791442579953,0.0014471398727714656,0.0016286591260355249
10,mgrav_res/mgrav.hdf5,mgrav.hdf5,.,11,110.25879772605896,110.59757232666016,109.12153625488281,0.3359925175205446,109.271421585083,110.3927993774414,110.59011085510254,0.14753978202402804,0.2531839692453758,0.35806489842457034,0.6084210741167603,0.7264054001613683,0.8175202977000623
11,mgrav_res/mgrav.hdf5,mgrav.hdf5,.,12,8.81779441986084,8.991120338439941,8.759483337402344,0.058897898181291215,8.760334014892578,8.794468879699707,8.975131120681763,0.02194361404544979,0.03937423012540463,0.05610314580490056,0.09547953364523644,0.11399605155380063,0.12829493067059758
12,mgrav_res/mgrav.hdf5,mgrav.hdf5,.,13,16.23686523694992,16.275245666503906,16.047496795654297,0.04383394906330821,16.07939796447754,16.25451946258545,16.27437400817871,0.04081182561095741,0.05659143074883157,0.07006037195132966,0.10069613321574357,0.11582571948233404,0.12815013898665967
13,mgrav_res/mgrav.hdf5,mgrav.hdf5,.,14,0.0,0.0,0.0,0.0,0.0,0.0,0.0,,,,,,
14,mgrav_res/mgrav.hdf5,mgrav.hdf5,.,15,0.0,0.0,0.0,0.0,0.0,0.0,0.0,,,,,,
15,mgrav_res/mgrav.hdf5,mgrav.hdf5,.,16,0.0,0.0,0.0,0.0,0.0,0.0,0.0,,,,,,
16,mgrav_res/mgrav.hdf5,mgrav.hdf5,.,17,0.0,0.0,0.0,0.0,0.0,0.0,0.0,,,,,,
17,mgrav_res/mgrav.hdf5,mgrav.hdf5,.,18,0.0,0.0,0.0,0.0,0.0,0.0,0.0,,,,,,
18,mgrav_res/mgrav.hdf5,mgrav.hdf5,.,19,-5110.183163513184,-4078.789794921875,-6134.232421875,309.4753087220584,-5969.6363671875,-5108.13525390625,-4250.47900390625,449.3930968153631,615.8286477413127,753.0032021308301,1041.6928927974598,1170.1307713345084,1268.248394209328
19,mgrav_res/mgrav.hdf5,mgrav.hdf5,.,20,110.94835684275832,588.6181030273438,-356.74224853515625,209.53136402623784,-321.29966339111326,108.78772354125977,556.7674670410155,275.66187876316843,353.6088172260035,414.99224157504614,540.2520690730404,595.0618649824207,636.6377250213156
20,mgrav_res/mgrav.hdf5,mgrav.hdf5,.,21,3.368550474655122,24.56100082397461,-18.696186065673828,3.7789469337112904,-8.367820405960083,3.420532703399658,14.079792060852037,8.107801039671363,11.187427255846874,13.895554523432589,20.10714463737248,23.06013096884667,25.368378884801082
21,mgrav_res/mgrav.hdf5,mgrav.hdf5,.,22,-6989.0531453125,-6941.03955078125,-7037.64599609375,13.556071564137657,-7026.6787109375,-6989.0263671875,-6949.87669921875,21.384628961773895,29.51833113953024,36.24938419098421,50.433020237707694,56.735497114985954,61.537332525183565
22,mgrav_res/mgrav.hdf5,mgrav.hdf5,.,23,112.83963022613526,128.74896240234375,106.73162078857422,4.707156211368104,106.8374160003662,112.18764877319336,126.29643463134765,5.401631806862513,6.940412906343056,8.166242728888035,10.758912356594116,11.971478094929264,12.948973910817513
23,mgrav_res/mgrav.hdf5,mgrav.hdf5,.,24,3.368691209218929,24.40032386779785,-18.525461196899414,3.7550473557250963,-8.279819259643554,3.4185467958450317,13.988344268798805,8.045120759865124,11.101559358072135,13.789059106022496,19.953099489624723,22.883462753390774,25.17402673942965
24,mgrav_res/mgrav.hdf5,mgrav.hdf5,.,25,-21.41812951884866,8524.0908203125,-8532.4619140625,6077.402681154027,-8516.8935546875,-37.44070816040039,8513.422988281249,2744.653433834197,4333.496507481039,5699.660831497829,8597.354924863823,9859.846121542387,10802.899217977792
25,mgrav_res/mgrav.hdf5,mgrav.hdf5,.,26,1046.6066578967702,8531.5302734375,-8529.8095703125,5879.749385067722,-8514.2578125,1994.0364379882812,8516.9501953125,2625.0483792823356,4152.66864988331,5484.932290099036,8369.069765585464,9646.741480187746,10607.378703579076
26,mgrav_res/mgrav.hdf5,mgrav.hdf5,.,27,-112.48012167091369,-110.34507751464844,-118.65522003173828,2.1609787481281617,-118.31573051452636,-111.62518692016602,-110.37448516845703,0.7820143513717619,1.4119299817520876,2.0126683754606796,3.4253962358407395,4.089689601879089,4.6026720831047365
27,mgrav_res/mgrav.hdf5,mgrav.hdf5,.,28,-86.6787122232873,502.79425048828125,-662.3549194335938,408.17445950369074,-655.4743041992188,-88.59271240234375,488.4287817382812,185.23998086352194,292.4729221629005,384.67700524225955,580.2458853735509,665.4529436601051,729.1007380896343
28,mgrav_res/mgrav.hdf5,mgrav.hdf5,.,29,-1143.5626269001602,9532.224609375,-9489.728515625,6556.110155793371,-9473.4736328125,-2196.050537109375,9516.064453125,2926.707262082803,4629.874858900608,6115.236310370021,9330.806035092195,10755.302099696763,11826.331479618173
29,mgrav_res/mgrav.hdf5,mgrav.hdf5,.,30,-25.72345765018207,146.26739501953125,-169.49420166015625,109.07888678622177,-169.00596618652344,-38.714365005493164,145.9494140625,48.81416212228356,77.07970697973758,101.69140949132816,154.94845731563802,178.5602828663795,196.32464301986366
30,mgrav_res/mgrav.hdf5,mgrav.hdf5,.,31,-149.53267634611205,490.9259033203125,-655.957763671875,397.2636215235356,-655.1531982421875,-210.0930938720703,489.38623046875,178.69497776643004,282.5030307892897,372.3770477873142,565.0808150538512,650.0664200605939,714.017869918819
31,mgrav_res/mgrav.hdf5,mgrav.hdf5,.,32,591.1881592559934,9533.9990234375,-9479.3544921875,6719.575803969033,-9467.1692578125,976.8082275390625,9522.1435546875,3036.0457142326923,4793.872245133689,6305.9225950612945,9515.241101618229,10915.011690556645,11961.618948537229
32,mgrav_res/mgrav.hdf5,mgrav.hdf5,.,33,2.644977740887599,146.55018615722656,-169.18251037597656,110.98585388551491,-168.8387451171875,13.612961292266846,146.00099548339844,50.41440917751449,79.60603071509676,104.71510917166943,158.00856635031064,181.25293209912775,198.63272422829658
33,mgrav_res/mgrav.hdf5,mgrav.hdf5,.,34,-27.81784280416514,503.46240234375,-657.6466064453125,397.77246857159344,-655.0066528320312,25.28206443786621,494.0900207519531,179.32077772813312,283.4212148858324,373.51867399251944,566.6072215902697,651.7280747193706,715.7744111961376
34,mgrav_res/mgrav.hdf5,mgrav.hdf5,.,35,623.1207076649666,9531.2412109375,-9481.9462890625,6724.891051851331,-9468.310810546875,1039.511474609375,9521.959609375,3036.1699916278308,4793.85691926842,6305.871432704627,9515.158027338699,10914.91638594999,11961.514505330426
35,mgrav_res/mgrav.hdf5,mgrav.hdf5,.,36,3.659371730802581,146.39662170410156,-169.18028259277344,111.30072489425673,-168.88696517944337,15.977752685546875,146.00083923339844,50.39371367252228,79.56743319471718,104.66353343578112,157.9306002301353,181.16349632260932,198.5347127247518
36,mgrav_res/mgrav.hdf5,mgrav.hdf5,.,37,-86.67871135048456,502.79425048828125,-662.3549194335938,408.17445979482125,-655.4743041992188,-88.59271240234375,488.4287817382812,185.23998086352194,292.4729221629005,384.67700524225955,580.2458853735509,665.4529436601051,729.1007380896343
37,mgrav_res/mgrav.hdf5,mgrav.hdf5,.,38,-1143.5626269001602,9532.224609375,-9489.728515625,6556.110155793371,-9473.4736328125,-2196.050537109375,9516.064453125,2926.707262082803,4629.874858900608,6115.236310370021,9330.806035092195,10755.302099696763,11826.331479618173
38,mgrav_res/mgrav.hdf5,mgrav.hdf5,.,39,-25.723457647898606,146.26739501953125,-169.49420166015625,109.07888678853178,-169.00596618652344,-38.714365005493164,145.9494140625,48.81416212228356,77.07970697973758,101.69140949132816,154.94845731563802,178.5602828663795,196.32464301986366
39,mgrav_res/mgrav.hdf5,mgrav.hdf5,.,40,-149.53267634611205,490.9259033203125,-655.957763671875,397.2636215235356,-655.1531982421875,-210.0930938720703,489.38623046875,178.69497776643004,282.5030307892897,372.3770477873142,565.0808150538512,650.0664200605939,714.017869918819
40,mgrav_res/mgrav.hdf5,mgrav.hdf5,.,41,591.1881592559934,9533.9990234375,-9479.3544921875,6719.575803969033,-9467.1692578125,976.8082275390625,9522.1435546875,3036.0457142326923,4793.872245133689,6305.9225950612945,9515.241101618229,10915.011690556645,11961.618948537229
41,mgrav_res/mgrav.hdf5,mgrav.hdf5,.,42,2.6449777331921274,146.55018615722656,-169.18251037597656,110.98585389792275,-168.8387451171875,13.612961292266846,146.00099548339844,50.41440917751449,79.60603071509676,104.71510917166943,158.00856635031064,181.25293209912775,198.63272422829658
42,mgrav_res/mgrav.hdf5,mgrav.hdf5,.,43,-27.817842804165068,503.46240234375,-657.6466064453125,397.77246857159344,-655.0066528320312,25.28206443786621,494.0900207519531,179.32077772813312,283.4212148858324,373.51867399251944,566.6072215902697,651.7280747193706,715.7744111961376
43,mgrav_res/mgrav.hdf5,mgrav.hdf5,.,44,623.1207076649666,9531.2412109375,-9481.9462890625,6724.891051851331,-9468.310810546875,1039.511474609375,9521.959609375,3036.1699916278308,4793.85691926842,6305.871432704627,9515.158027338699,10914.91638594999,11961.514505330426
44,mgrav_res/mgrav.hdf5,mgrav.hdf5,.,45,3.659371734234132,146.39662170410156,-169.18028259277344,111.30072489625158,-168.88696517944337,15.977752685546875,146.00083923339844,50.39371367252228,79.56743319471718,104.66353343578112,157.9306002301353,181.16349632260932,198.5347127247518
45,mgrav_res/mgrav.hdf5,mgrav.hdf5,.,46,94.39593470187373,829.7484130859375,-825.2247314453125,571.9218840486398,-823.7429284667969,188.81478881835938,826.3995361328125,256.1123470721776,404.9105616958351,534.2445955055662,813.0834309062219,936.4514393008116,1029.2944467377008
46,mgrav_res/mgrav.hdf5,mgrav.hdf5,.,47,-447.82528492975536,3651.9638671875,-3659.1025390625,2517.8676811076707,-3647.486083984375,-852.6650390625,3646.721267089844,1124.8766624611003,1779.4872231896375,2350.3842355844545,3586.284862448756,4133.78833148413,4545.437275637976
47,mgrav_res/mgrav.hdf5,mgrav.hdf5,.,48,-10.24833406750271,54.762596130371094,-64.69051361083984,41.19602039804567,-64.4301530456543,-15.232409954071045,54.638641357421875,18.499482129463754,29.193546747308428,38.49914575840628,58.62870347928274,67.55491410855993,74.27223371164433
48,mgrav_res/mgrav.hdf5,mgrav.hdf5,.,49,-77.5510871171657,828.2509155273438,-825.8024291992188,577.6352549525321,-824.2808227539062,-140.02548217773438,826.2965771484374,260.5826322060749,411.6155266594564,541.875218087242,819.5645876324738,941.3704325749019,1032.8168198150693
49,mgrav_res/mgrav.hdf5,mgrav.hdf5,.,50,211.58015824010707,3658.765380859375,-3648.5419921875,2581.410977073996,-3645.3982080078126,352.8768310546875,3648.10888671875,1166.8283143364595,1842.405022003225,2423.5237952571974,3656.9451780841177,4194.912030523805,4597.149380533678
50,mgrav_res/mgrav.hdf5,mgrav.hdf5,.,51,0.2908443082561877,54.85554885864258,-64.51335144042969,41.85994283948043,-64.35305786132812,4.2242326736450195,54.67887340545654,19.059765122316794,30.096568177088407,39.58958405729349,59.738218465860314,68.52620402706792,75.09697321464193
51,mgrav_res/mgrav.hdf5,mgrav.hdf5,.,52,-23.40733444828703,830.0913696289062,-827.9583129882812,588.7999836164282,-824.6369018554688,-39.37638473510742,826.5746673583984,266.80603298196456,421.25472482316655,554.0580807019319,835.7398957757476,958.4653468417689,1050.1385537075746
52,mgrav_res/mgrav.hdf5,mgrav.hdf5,.,53,236.9249813558871,3657.056396484375,-3650.916748046875,2581.8567613549326,-3644.547492675781,404.2420959472656,3648.358154296875,1166.9925813884631,1842.583082123338,2423.7461016503526,3657.2783669104483,4195.2942305611095,4597.568228519061
53,mgrav_res/mgrav.hdf5,mgrav.hdf5,.,54,0.9800576788553502,54.945335388183594,-64.50152587890625,42.063357800919526,-64.37654876708984,5.833489418029785,54.66343688964844,19.074180790215788,30.11652635151963,39.61548005511304,59.77723413425349,68.57095914582727,75.1460197645706
54,mgrav_res/mgrav.hdf5,mgrav.hdf5,.,55,-0.0008096253283786005,0.0010386108187958598,-0.0027493454981595278,0.0008348212058639922,-0.0025979781220667065,-0.0007980767695698887,0.000894342809915542,0.001098055069357666,0.0014085600094343035,0.0016530248976979437,0.0021517116307079925,0.0023698546111744477,0.002535282590534533
55,mgrav_res/mgrav.hdf5,mgrav.hdf5,.,56,-0.0430339075891301,-0.0388311892747879,-0.047211065888404846,0.001257890905171246,-0.04651354029774666,-0.04302499070763588,-0.03954558774828911,0.0018276008293441174,0.0025049388554966756,0.003063553381222949,0.004240881698326449,0.004765563974881586,0.005166702848594324
56,mgrav_res/mgrav.hdf5,mgrav.hdf5,.,57,4.786326202266267e-06,0.005750089883804321,-0.005733774974942207,0.002179837321654218,-0.004754569292999804,-9.774871614354197e-06,0.004782798262313007,0.003057382168808048,0.003972520254476747,0.004710308900849818,0.006252044637825564,0.006937612282512578,0.007461300054583789
57,mgrav_res/mgrav.hdf5,mgrav.hdf5,.,58,-2.0437764462825925e-05,0.009970510378479958,-0.010299762710928917,0.003061529644158738,-0.00862024155445397,-1.6151564523170236e-05,0.008427833560854171,0.004454324476322356,0.006102922954967886,0.007460412183157905,0.01031046001927198,0.011573908296569799,0.012536791973453714
58,mgrav_res/mgrav.hdf5,mgrav.hdf5,.,59,-0.17585880282975977,0.803107500076294,-0.9423294067382812,0.6009746874571106,-0.939693118929863,-0.27198606729507446,0.8009234666824341,0.26855196399195025,0.42483305471072885,0.561128454048402,0.8561861716804169,0.9868966191530879,1.08517328904671
59,mgrav_res/mgrav.hdf5,mgrav.hdf5,.,60,-3.3413409617900847,-3.0851266384124756,-3.5660440921783447,0.16796109965225714,-3.56339955329895,-3.3539704084396362,-3.0857622623443604,0.07627024895128423,0.12042441622104653,0.1584529457035652,0.23932260064467106,0.27468553433827914,0.30118006554087756
60,mgrav_res/mgrav.hdf5,mgrav.hdf5,.,61,89.60597250480652,89.62287139892578,89.59152221679688,0.01070566583829293,89.5916976928711,89.60494995117188,89.6228256225586,0.005029054335181244,0.007934250846735574,0.01043415818338042,0.01573835262285869,0.018049469212087853,0.01977582530025649
61,mgrav_res/mgrav.hdf5,mgrav.hdf5,.,62,-0.015530677958047454,0.8029992580413818,-0.9406973123550415,0.6155697852143939,-0.9388348436355591,0.02100274618715048,0.8016645908355713,0.2784328653608525,0.439641464925628,0.578310164651259,0.8726337130244746,1.001005342640885,1.0969886990116078
62,mgrav_res/mgrav.hdf5,mgrav.hdf5,.,63,-3.2926549973249437,-3.0843961238861084,-3.5644614696502686,0.16478456814587922,-3.563399865627289,-3.2621017694473267,-3.085691452026367,0.07394195478487353,0.1170054636035669,0.15452060374064672,0.23559909022525752,0.2714955815332584,0.29849437768557985
63,mgrav_res/mgrav.hdf5,mgrav.hdf5,.,64,89.6088065486908,89.62288665771484,89.5916519165039,0.010380799996819644,89.59170532226562,89.60977935791016,89.62284851074219,0.004842556854751303,0.007641533650954762,0.010075616214150776,0.01533598289302954,0.01766759613060906,0.0194224951504301
64,mgrav_res/mgrav.hdf5,mgrav.hdf5,.,65,-0.01518635101693726,0.8036012053489685,-0.9403976798057556,0.616788697678455,-0.9390571522712707,0.021670451387763023,0.8016349077224731,0.2784811388769124,0.43971768810887246,0.5784104296289033,0.8727850065777893,1.0011788927260064,1.0971788902863
65,mgrav_res/mgrav.hdf5,mgrav.hdf5,.,66,-3.3297934733986856,-3.0854780673980713,-3.565760850906372,0.16990291752693096,-3.564060926437378,-3.3330072164535522,-3.0857672691345215,0.07697663806787176,0.12153569054413964,0.15985054555338132,0.24111817739321378,0.2765255298833932,0.3029740417552141
66,mgrav_res/mgrav.hdf5,mgrav.hdf5,.,67,89.60628256874084,89.62288665771484,89.5914306640625,0.010379515601080384,89.5916365814209,89.60572814941406,89.62283325195312,0.004968588266212771,0.007850795692679142,0.01033329834239669,0.015617515426205408,0.01793168137819634,0.01966734895559118
67,mgrav_res/mgrav.hdf5,mgrav.hdf5,.,68,11.321902589611616,92.15966796875,-92.19245910644531,63.60723078804758,-92.1192855834961,21.60744857788086,92.12591552734375,28.364317036523346,44.870643551767074,59.26609186637779,90.42993264632574,104.23550128559219,114.61543141427295
68,mgrav_res/mgrav.hdf5,mgrav.hdf5,.,69,-14.513302818965911,-14.143007278442383,-14.857404708862305,0.25056620468793306,-14.85232551574707,-14.524526596069336,-14.143543243408203,0.11404531911850943,0.1800532595268986,0.2368151532539609,0.3572112687191521,0.4096664814121579,0.44884936916006457
69,mgrav_res/mgrav.hdf5,mgrav.hdf5,.,70,-118.14157998752594,-26.15468978881836,-210.5078582763672,65.74483864379347,-210.47410583496094,-117.86125946044922,-26.18844223022461,29.66517119885691,46.83794106729446,61.60392137582214,92.92320937843687,106.56865438247146,116.76150103134225
70,mgrav_res/mgrav.hdf5,mgrav.hdf5,.,71,0.0,0.0,0.0,0.0,0.0,0.0,0.0,,,,,,
71,mgrav_res/mgrav.hdf5,mgrav.hdf5,.,72,-175.74569396362304,-174.98507690429688,-176.26890563964844,0.3459384943941797,-176.24244705200195,-175.78687286376953,-175.0568832397461,0.19578020566562254,0.2994043549836558,0.39213854504300333,0.5980600190534708,0.6908995676171734,0.7614547630249099
72,mgrav_res/mgrav.hdf5,mgrav.hdf5,.,73,-175.68731409378051,-174.6500701904297,-176.27346801757812,0.36329555094282434,-176.23718322753905,-175.6681900024414,-174.83198348999022,0.21063551365976355,0.3308260830225171,0.43941921904666675,0.6896614204654096,0.809755652110266,0.9047160907736466
73,mgrav_res/mgrav.hdf5,mgrav.hdf5,.,74,-175.64093946914673,-174.86834716796875,-176.2532501220703,0.3606130123067792,-176.24015823364257,-175.59552001953125,-174.91177154541015,0.22274908019446255,0.330530172156818,0.42513191562064534,0.6379323240337691,0.7367026650753307,0.8130243928783464
74,mgrav_res/mgrav.hdf5,mgrav.hdf5,.,75,0.13113155948221683,0.1611606925725937,0.10450083017349243,0.012313778179641743,0.10765568673610687,0.1297588348388672,0.15653775870800019,0.009447349904858298,0.013228653744057161,0.016579198683006998,0.024573492245106767,0.028576844227097345,0.03178957920486332
75,mgrav_res/mgrav.hdf5,mgrav.hdf5,.,76,0.13331726843453945,0.1747133880853653,0.10931073874235153,0.01227989826992198,0.11238453522324562,0.13434285670518875,0.16046408355236053,0.009117569468198593,0.013710443520859062,0.017875106098697077,0.027704983478038934,0.03253650378259896,0.036384630646268845
76,mgrav_res/mgrav.hdf5,mgrav.hdf5,.,77,0.13455909808315336,0.16720855236053467,0.09630978852510452,0.012891978524561356,0.11046033315360546,0.13631760329008102,0.16266702085733412,0.011592157516103383,0.016693793260467157,0.021030469148690598,0.030850673131872033,0.03571875979953302,0.03968060553914229
77,mgrav_res/mgrav.hdf5,mgrav.hdf5,.,78,0.007473419466731138,0.00917870458215475,0.0058870986104011536,0.0006658878236499794,0.006088888375088573,0.007400477072224021,0.00893893590196967,0.0006110830881021622,0.0008379531278868737,0.0010308254036405123,0.001467394413575502,0.00168202391103543,0.0018570618301950767
78,mgrav_res/mgrav.hdf5,mgrav.hdf5,.,79,0.007602625225344673,0.011059033684432507,0.006245049647986889,0.0006786608119011205,0.006433437191881239,0.007589405635371804,0.009393396526575086,0.0006699824753376612,0.0010221542158826067,0.0013448289825765806,0.0020912070822412484,0.002442535255956196,0.002716110936104262
79,mgrav_res/mgrav.hdf5,mgrav.hdf5,.,80,0.00764869356486015,0.009790432639420033,0.005249055102467537,0.0007251000470438587,0.00595123182516545,0.00771734700538218,0.009426713939756151,0.0007982204299221894,0.0011423717882727842,0.0014292822781254591,0.002048775174238851,0.002341239279300995,0.0025770905794109374
80,mgrav_res/mgrav.hdf5,mgrav.hdf5,.,81,105781.71606640625,111722.09375,103732.4140625,2078.5126635284446,103757.503125,104948.83203125,111386.50109375,751.8576445156414,1357.481929121883,1935.0541346339187,3293.3031739051025,3931.9794904980768,4425.179902147235
81,mgrav_res/mgrav.hdf5,mgrav.hdf5,.,82,0.0,0.0,0.0,0.0,0.0,0.0,0.0,,,,,,
82,mgrav_res/mgrav.hdf5,mgrav.hdf5,.,83,0.0,0.0,0.0,0.0,0.0,0.0,0.0,,,,,,
83,mgrav_res/mgrav.hdf5,mgrav.hdf5,.,84,0.0,0.0,0.0,0.0,0.0,0.0,0.0,,,,,,
84,mgrav_res/mgrav.hdf5,mgrav.hdf5,.,85,8461.612409228515,9175.6455078125,8215.875,249.92332406273175,8219.246728515625,8360.87109375,9142.244140625,90.31786273090029,163.06925576728284,232.45085686575266,395.6122627224433,472.3340734432508,531.5804047176355
85,mgrav_res/mgrav.hdf5,mgrav.hdf5,.,86,0.0,0.0,0.0,0.0,0.0,0.0,0.0,,,,,,
86,mgrav_res/mgrav.hdf5,mgrav.hdf5,.,87,0.07998430910818279,0.08220339566469193,0.07920953631401062,0.0007815896300956918,0.07921911597251892,0.07967260852456093,0.08207985758781433,0.0002817329514393471,0.0005086699499656814,0.0007250953907591523,0.0012340527890310636,0.0014733749067227261,0.0016581849018575557
87,mgrav_res/mgrav.hdf5,mgrav.hdf5,.,88,0.07998430910818279,0.08220339566469193,0.07920953631401062,0.0007815896300956918,0.07921911597251892,0.07967260852456093,0.08207985758781433,0.0002817329514393471,0.0005086699499656814,0.0007250953907591523,0.0012340527890310636,0.0014733749067227261,0.0016581849018575557
88,mgrav_res/mgrav.hdf5,mgrav.hdf5,.,89,0.0,0.0,0.0,0.0,0.0,0.0,0.0,,,,,,
89,mgrav_res/mgrav.hdf5,mgrav.hdf5,.,90,6653996.89265,6838650.5,6589544.0,65027.139819725715,6590327.975,6628061.0,6828328.535,23441.819152845175,42324.29651790097,60332.15118039541,102680.36506818865,122593.3563371979,137970.62215383587
90,mgrav_res/mgrav.hdf5,mgrav.hdf5,.,91,-6533295.6631,-6471031.0,-6711681.5,62813.87933147325,-6701622.625,-6508252.0,-6471794.875,22646.07908682338,40887.58470445825,58284.156967553026,99194.84715911522,118431.88555587608,133287.16515478995
91,mgrav_res/mgrav.hdf5,mgrav.hdf5,.,92,105781.71606640625,111722.09375,103732.4140625,2078.5126635284446,103757.503125,104948.83203125,111386.50109375,751.8576445156414,1357.481929121883,1935.0541346339187,3293.3031739051025,3931.9794904980768,4425.179902147235
92,mgrav_res/mgrav.hdf5,mgrav.hdf5,.,93,105781.71606640625,111722.09375,103732.4140625,2078.5126635284446,103757.503125,104948.83203125,111386.50109375,751.8576445156414,1357.481929121883,1935.0541346339187,3293.3031739051025,3931.9794904980768,4425.179902147235
93,mgrav_res/mgrav.hdf5,mgrav.hdf5,.,94,0.0,0.0,0.0,0.0,0.0,0.0,0.0,,,,,,
94,mgrav_res/mgrav.hdf5,mgrav.hdf5,.,95,-0.7580156909555197,-0.7557966113090515,-0.7587904930114746,0.0007815894066813861,-0.7587808984518051,-0.7583273947238922,-0.7559201717376709,0.0002817350548187804,0.0005086737476255066,0.0007251008042215262,0.0012340620022993122,0.0014733859067369614,0.0016581972816377742
95,mgrav_res/mgrav.hdf5,mgrav.hdf5,.,96,-9991535.51115,-9990802.0,-9991783.0,252.67082103572554,-9991780.0,-9991637.0,-9990857.0,92.31563443322887,166.6762404195027,237.59251688722648,404.36294569548795,482.78179239317757,543.3386135364314
96,mgrav_res/mgrav.hdf5,mgrav.hdf5,.,97,-1.358033559447527,-1.3541676998138428,-1.3593820333480835,0.0013606119854233795,-1.3593654644489288,-1.3585759401321411,-1.3543872797489167,0.000490687572232307,0.0008859383382065054,0.0012628813744033835,0.0021493203544794524,0.002566141987560231,0.002888021154955021
97,mgrav_res/mgrav.hdf5,mgrav.hdf5,.,98,1.3551316181123256,1.3564777374267578,1.3512712717056274,0.0013582627222079695,1.351492166519165,1.3556731343269348,1.3564611685276031,0.0004899471826717727,0.0008846015619480381,0.00126097583564774,0.0021460772840559226,0.002562269982549396,0.002883663472317976
98,mgrav_res/mgrav.hdf5,mgrav.hdf5,.,99,0.0,0.0,0.0,0.0,0.0,0.0,0.0,,,,,,
99,mgrav_res/mgrav.hdf5,mgrav.hdf5,.,100,1.4311699867248535,1.4311699867248535,1.4311699867248535,0.0,1.4311699867248535,1.4311699867248535,1.4311699867248535,,,,,,
100,mgrav_res/mgrav.hdf5,mgrav.hdf5,.,101,0.0,0.0,0.0,0.0,0.0,0.0,0.0,,,,,,
101,mgrav_res/mgrav.hdf5,mgrav.hdf5,.,102,0.0,0.0,0.0,0.0,0.0,0.0,0.0,,,,,,
102,mgrav_res/mgrav.hdf5,mgrav.hdf5,.,103,0.0,0.0,0.0,0.0,0.0,0.0,0.0,,,,,,
103,mgrav_res/mgrav.hdf5,mgrav.hdf5,.,104,0.0,0.0,0.0,0.0,0.0,0.0,0.0,,,,,,
104,mgrav_res/mgrav.hdf5,mgrav.hdf5,.,105,0.0,0.0,0.0,0.0,0.0,0.0,0.0,,,,,,
105,mgrav_res/mgrav.hdf5,mgrav.hdf5,.,106,0.0,0.0,0.0,0.0,0.0,0.0,0.0,,,,,,
106,mgrav_res/mgrav.hdf5,mgrav.hdf5,.,107,0.0034953586553689094,0.009118561632931232,0.0011083800345659256,0.0021404733648943694,0.0011432450264692307,0.002858938416466117,0.008690702775493263,0.000753987904468193,0.001360975964330722,0.00194002006041959,0.003301753951786615,0.003942069143174003,0.004436535131326039
107,mgrav_res/mgrav.hdf5,mgrav.hdf5,.,108,0.0,0.0,0.0,0.0,0.0,0.0,0.0,,,,,,
108,mgrav_res/mgrav.hdf5,mgrav.hdf5,.,109,0.0,0.0,0.0,0.0,0.0,0.0,0.0,,,,,,
109,mgrav_res/mgrav.hdf5,mgrav.hdf5,.,110,-112534.262446875,-110354.1171875,-118857.671875,2211.6728879791517,-118496.681875,-111648.22265625,-110380.505,800.2151334497651,1444.7915652539643,2059.5116826618732,3505.1196965547138,4184.873979352352,4709.795732963782
110,mgrav_res/mgrav.hdf5,mgrav.hdf5,.,111,8461.652010644531,9175.9833984375,8215.921875,249.96027904426583,8219.24990234375,8360.91650390625,9142.270625,90.34524834970952,163.1187006095645,232.52133916422082,395.7322178043683,472.4772916339256,531.7415872112185
111,mgrav_res/mgrav.hdf5,mgrav.hdf5,.,112,0.0,0.0,0.0,0.0,0.0,0.0,0.0,,,,,,
112,mgrav_res/mgrav.hdf5,mgrav.hdf5,.,113,-112534.262446875,-110354.1171875,-118857.671875,2211.6728879791517,-118496.681875,-111648.22265625,-110380.505,800.2151334497651,1444.7915652539643,2059.5116826618732,3505.1196965547138,4184.873979352352,4709.795732963782
113,mgrav_res/mgrav.hdf5,mgrav.hdf5,.,114,0.0,0.0,0.0,0.0,0.0,0.0,0.0,,,,,,
114,mgrav_res/mgrav.hdf5,mgrav.hdf5,.,115,0.0,0.0,0.0,0.0,0.0,0.0,0.0,,,,,,
115,mgrav_res/mgrav.hdf5,mgrav.hdf5,.,116,0.0,0.0,0.0,0.0,0.0,0.0,0.0,,,,,,
116,mgrav_res/mgrav.hdf5,mgrav.hdf5,.,117,0.0,0.0,0.0,0.0,0.0,0.0,0.0,,,,,,
117,mgrav_res/mgrav.hdf5,mgrav.hdf5,.,118,0.0,0.0,0.0,0.0,0.0,0.0,0.0,,,,,,
118,mgrav_res/mgrav.hdf5,mgrav.hdf5,.,119,43.479864312410356,77.44864654541016,10.334495544433594,21.482237647192356,10.367044448852539,44.28790283203125,76.97935836791991,15.57648753930536,22.44105130709729,27.93806039778826,38.808588955743446,43.30171547057119,46.58255103594111
119,mgrav_res/mgrav.hdf5,mgrav.hdf5,.,120,-133.25616667627023,630.7125244140625,-882.1849365234375,529.7284910049029,-872.9262084960938,-134.69345092773438,612.1119995117188,240.5263668782638,379.7638557841415,499.487000922876,753.4250114600674,864.0628125789792,946.7068113668453
120,mgrav_res/mgrav.hdf5,mgrav.hdf5,.,121,-1581.2639558071949,13221.4072265625,-13152.2490234375,9091.783796699843,-13133.333984375,-3041.7288818359375,13200.628554687499,4057.8362677754994,6419.252913029239,8478.684563955218,12937.024357478906,14912.067051069742,16397.03342198219
121,mgrav_res/mgrav.hdf5,mgrav.hdf5,.,122,-26.912778072451427,156.53936767578125,-179.5433349609375,116.08994662047539,-179.05653381347656,-41.068593978881836,156.21780975341795,51.95563901852842,82.04023704147617,108.23584658856453,164.9202969950013,190.05168164951274,208.95928230068162
